payment_id,customer_id,amount,currency,payment_method,status,created_at,failed_at,retry_count,error_code,error_source,recoverable,ground_truth_root_cause,ground_truth_action
pay_0eb62f191b5244f4,cust_e8aee4faf3904724,499,INR,wallet,captured,2026-08-05T07:18:54.788527,,0,,,,,
pay_f9dcb1c6e2f24b76,cust_887b0a10a8fa47c6,1499,INR,card,captured,2026-08-27T07:54:09.788527,,0,,,,,
pay_0eab01dba2aa448d,cust_826f3e6850d743de,999,INR,upi,captured,2026-08-23T20:16:46.788527,,0,,,,,
pay_448cab8f2883412c,cust_21822ad9691942ac,9999,INR,card,captured,2026-08-02T18:43:33.788527,,0,,,,,
pay_80105da22b7d4d6e,cust_3af15789a9c1437e,1499,INR,upi,captured,2026-08-11T02:42:23.788527,,0,,,,,
pay_0f4082db42c04191,cust_1a840cb83d274b59,2499,INR,netbanking,captured,2026-08-30T05:36:10.788527,,0,,,,,
pay_cbdc23ff94654910,cust_ca5aab22db5343d9,1499,INR,card,captured,2026-08-25T09:39:35.788527,,0,,,,,
pay_8ecdb519330543b7,cust_36a8af9bcfc0495b,2499,INR,upi,failed,2026-08-20T20:22:16.788527,2026-08-20T20:23:13.788527,1,GATEWAY_ERROR,gateway,true,gateway_failure,RETRY
pay_5baf10b444d8441c,cust_c5a7a49d0f944889,9999,INR,card,captured,2026-07-29T16:29:49.788527,,0,,,,,
pay_dea177790c5d4474,cust_5c7d96fbf609402b,499,INR,netbanking,captured,2026-08-17T16:44:01.788527,,0,,,,,
pay_4b2c4851910b42ef,cust_94a154527a1f408c,4999,INR,card,captured,2026-08-19T12:25:07.788527,,0,,,,,
pay_fc0131e6cd2041d3,cust_3156f977586f4925,1499,INR,wallet,captured,2026-08-16T06:40:32.788527,,0,,,,,
pay_7d0df7d03e3f4f35,cust_783cfaccb48b428f,1499,INR,wallet,captured,2026-08-25T15:05:51.788527,,0,,,,,
pay_483417f51a97446f,cust_9439d2d3c2d04c83,999,INR,netbanking,captured,2026-07-18T03:16:23.788527,,0,,,,,
pay_f072e2cd7d0d436c,cust_128887ede58a42fd,9999,INR,wallet,captured,2026-07-22T18:33:29.788527,,0,,,,,
pay_50e75686505141e4,cust_f4fa33d4c771491c,4999,INR,card,failed,2026-08-08T11:05:03.788527,2026-08-08T11:06:03.788527,1,BAD_REQUEST_ERROR,bank,true,insufficient_funds,RETRY
pay_30a89a0f303b404b,cust_7d96b4632bf64dee,999,INR,netbanking,failed,2026-08-19T12:35:30.788527,2026-08-19T12:36:06.788527,0,GATEWAY_ERROR,gateway,true,gateway_failure,RETRY
pay_7d4fd34c6cae4600,cust_fb7a8984133545b5,2499,INR,netbanking,captured,2026-08-16T07:14:52.788527,,0,,,,,
pay_4e646dc8f55d4dd9,cust_dedb88e4246f450a,4999,INR,card,captured,2026-08-11T01:59:31.788527,,0,,,,,
pay_036364bb1881461a,cust_2f3315fc8a3c42a5,499,INR,upi,captured,2026-08-30T12:46:39.788527,,0,,,,,
pay_7dfa4f1e986b4e90,cust_180b1bd629c54988,4999,INR,netbanking,failed,2026-08-28T05:56:22.788527,2026-08-28T05:56:54.788527,1,BAD_REQUEST_ERROR,bank,false,account_closed,ESCALATE
pay_db511284a7304284,cust_b4d4044fa3c74933,19999,INR,netbanking,failed,2026-08-23T19:10:41.788527,2026-08-23T19:11:10.788527,1,BAD_REQUEST_ERROR,bank,true,insufficient_funds,RETRY
pay_3295f62d502a40f4,cust_02976cbb3fc24540,999,INR,wallet,captured,2026-08-15T19:10:41.788527,,0,,,,,
pay_684fad4f3839456f,cust_163f2a427d0948cc,1499,INR,netbanking,failed,2026-08-27T05:44:44.788527,2026-08-27T05:45:36.788527,0,BAD_REQUEST_ERROR,bank,true,card_declined,RETRY
pay_23d4ba4b79634101,cust_68dd48ba801e4276,499,INR,upi,captured,2026-08-31T02:44:48.788527,,0,,,,,
pay_e187f28494d24bf9,cust_23b5d1b750d64aeb,1499,INR,upi,failed,2026-08-25T11:44:16.788527,2026-08-25T11:44:38.788527,2,SERVER_ERROR,business,true,network_error,RETRY
pay_de488a5afcf4490f,cust_8ab27c13c1794b4a,499,INR,card,captured,2026-08-20T07:43:28.788527,,0,,,,,
pay_f1fd826e8a764d26,cust_8426b2a6834e4e3b,1499,INR,wallet,captured,2026-07-17T10:20:06.788527,,0,,,,,
pay_39125fa97fbf41d4,cust_648d41a9227e4e6f,999,INR,card,failed,2026-08-27T18:04:33.788527,2026-08-27T18:05:33.788527,1,GATEWAY_ERROR,gateway,true,gateway_failure,RETRY
pay_12fc94c69bfa41b6,cust_bb9a6cfd20b4420e,1499,INR,upi,captured,2026-07-26T22:20:59.788527,,0,,,,,
pay_1d9ed4740df54db4,cust_128887ede58a42fd,4999,INR,wallet,captured,2026-08-15T21:13:22.788527,,0,,,,,
pay_d56e4f9951f64e6b,cust_8ab27c13c1794b4a,2499,INR,card,captured,2026-08-22T11:28:30.788527,,0,,,,,
pay_1d7269a2ec014cff,cust_e8aee4faf3904724,499,INR,wallet,failed,2026-08-21T19:09:00.788527,2026-08-21T19:09:17.788527,2,GATEWAY_ERROR,gateway,true,gateway_failure,RETRY
pay_7dee65ff30cb4a6f,cust_59faf58c22924d8a,2499,INR,card,captured,2026-08-31T10:09:54.788527,,0,,,,,
pay_3c39209d49ba405d,cust_d8b4a5646e3e44f3,2499,INR,wallet,failed,2026-08-06T02:32:06.788527,2026-08-06T02:32:51.788527,2,BAD_REQUEST_ERROR,bank,true,card_declined,RETRY
pay_f942c4e18abd4c11,cust_5af36493f4bd47eb,19999,INR,upi,captured,2026-08-26T20:46:05.788527,,0,,,,,
pay_fd52e2147f004c9a,cust_ea576ff1540448d8,499,INR,upi,captured,2026-07-18T12:13:49.788527,,0,,,,,
pay_031f19ad7d104e33,cust_31b3b9475ad64150,999,INR,wallet,captured,2026-08-01T19:22:40.788527,,0,,,,,
pay_2b1e535cdcfb41eb,cust_8562825a26ac4ed1,9999,INR,netbanking,captured,2026-07-27T21:53:46.788527,,0,,,,,
pay_c42983311c474ec2,cust_ea712f4dcfe94f6a,499,INR,netbanking,captured,2026-08-15T22:13:28.788527,,0,,,,,
pay_6f36b90743fd467f,cust_e482a185263e4b66,1499,INR,card,failed,2026-07-31T15:25:24.788527,2026-07-31T15:26:17.788527,2,BAD_REQUEST_ERROR,bank,true,card_declined,RETRY
pay_7bc8d3a5ef4c42cc,cust_d29ae75ab38a4062,999,INR,wallet,captured,2026-08-25T10:15:39.788527,,0,,,,,
pay_4f188506eaf34a9a,cust_c5a7a49d0f944889,19999,INR,card,captured,2026-08-04T12:18:30.788527,,0,,,,,
pay_50180c4d944e4bab,cust_d276bb31e5994b2d,4999,INR,upi,captured,2026-07-30T16:08:14.788527,,0,,,,,
pay_c4e50b056c664ac0,cust_220d7011457a486b,999,INR,netbanking,captured,2026-09-01T05:58:58.788527,,0,,,,,
pay_b424876fbaf2426f,cust_23b5d1b750d64aeb,499,INR,upi,failed,2026-08-23T11:38:26.788527,2026-08-23T11:38:45.788527,2,BAD_REQUEST_ERROR,bank,false,account_closed,ESCALATE
pay_8fa86b7ec36d459c,cust_949fec18d86e47cf,499,INR,netbanking,captured,2026-07-24T15:26:10.788527,,0,,,,,
pay_5cd36ba8ebd443ed,cust_ed680780abce4c8b,999,INR,wallet,captured,2026-08-26T06:07:57.788527,,0,,,,,
pay_ab99b348e30b4f4b,cust_59faf58c22924d8a,999,INR,card,captured,2026-08-18T12:09:31.788527,,0,,,,,
pay_1ce6fa4b330b4b52,cust_bab775145d814dbb,2499,INR,netbanking,captured,2026-07-18T20:56:05.788527,,0,,,,,
pay_d1cdde3a806d4f52,cust_5c7d96fbf609402b,2499,INR,netbanking,captured,2026-08-12T06:51:40.788527,,0,,,,,
pay_46414a8582964a06,cust_387fbf70c22f42ab,499,INR,card,failed,2026-08-26T06:36:40.788527,2026-08-26T06:37:20.788527,1,BAD_REQUEST_ERROR,customer,true,invalid_payment_method,PAYMENT_UPDATE
pay_5e03283c3ab942eb,cust_68dd48ba801e4276,2499,INR,upi,captured,2026-07-29T13:43:57.788527,,0,,,,,
pay_e0ccbf9ba1954a07,cust_fb7a8984133545b5,999,INR,netbanking,failed,2026-08-02T08:25:33.788527,2026-08-02T08:26:00.788527,2,SERVER_ERROR,business,true,network_error,RETRY
pay_7b7bad4a334b42e1,cust_d2c42d5b7ed84845,9999,INR,card,captured,2026-08-23T07:32:38.788527,,0,,,,,
pay_e610b61d145a42d1,cust_8df3ca8d8b7f4a77,2499,INR,wallet,failed,2026-09-01T04:06:37.788527,2026-09-01T04:07:31.788527,2,BAD_REQUEST_ERROR,bank,true,insufficient_funds,RETRY
pay_07938a6421f44e3b,cust_36de0ceebe7141ae,999,INR,card,captured,2026-08-27T17:04:41.788527,,0,,,,,
pay_87c2cd5e0f344f43,cust_e3452a1e8a8b45e6,9999,INR,netbanking,captured,2026-08-30T04:47:55.788527,,0,,,,,
pay_0404917b6b334360,cust_8c792f3cf57b42b9,19999,INR,card,failed,2026-08-11T18:51:52.788527,2026-08-11T18:52:11.788527,1,SERVER_ERROR,business,true,network_error,RETRY
pay_bad680293c2b4eab,cust_21822ad9691942ac,4999,INR,card,failed,2026-07-15T19:35:30.788527,2026-07-15T19:35:46.788527,1,BAD_REQUEST_ERROR,customer,true,expired_card,PAYMENT_UPDATE
pay_798e406b05b940cb,cust_3436a29073f646a0,499,INR,card,captured,2026-08-29T17:00:09.788527,,0,,,,,
pay_e63d2f3dbeef4102,cust_783cfaccb48b428f,2499,INR,wallet,captured,2026-08-13T02:45:52.788527,,0,,,,,
pay_11578021db73444f,cust_0425780fa78643aa,9999,INR,card,failed,2026-08-13T05:39:23.788527,2026-08-13T05:40:05.788527,2,BAD_REQUEST_ERROR,bank,true,insufficient_funds,RETRY
pay_84e0ebbb6167423c,cust_02976cbb3fc24540,499,INR,wallet,captured,2026-08-18T15:40:48.788527,,0,,,,,
pay_1b708495c9244f83,cust_4a98abc09c464fbc,1499,INR,card,captured,2026-08-30T16:47:55.788527,,0,,,,,
pay_78629aee285540c9,cust_ca45983cfc524d10,499,INR,upi,captured,2026-08-31T04:10:51.788527,,0,,,,,
pay_444afc56110447d7,cust_621b40fa868d4c92,1499,INR,wallet,captured,2026-08-08T12:47:06.788527,,0,,,,,
pay_63db7b638a3a425d,cust_621b40fa868d4c92,2499,INR,wallet,failed,2026-07-26T21:49:08.788527,2026-07-26T21:50:05.788527,0,SERVER_ERROR,business,true,network_error,RETRY
pay_b83119f161124a99,cust_e8aee4faf3904724,2499,INR,wallet,captured,2026-08-04T09:01:14.788527,,0,,,,,
pay_f44521be673c428b,cust_e49624db3c2b49ca,1499,INR,upi,captured,2026-08-05T18:42:19.788527,,0,,,,,
pay_1b9024aa4eb84666,cust_996d47dc3a1a4c1a,499,INR,card,captured,2026-08-25T00:06:42.788527,,0,,,,,
pay_ea2e50dbe6a84125,cust_c5a7a49d0f944889,9999,INR,card,captured,2026-08-25T02:05:31.788527,,0,,,,,
pay_94aa928d6c80484f,cust_4fe4f79fd2d0458c,499,INR,wallet,captured,2026-08-28T06:42:27.788527,,0,,,,,
pay_1497bacdc9b5483a,cust_180b1bd629c54988,9999,INR,netbanking,captured,2026-08-30T12:09:29.788527,,0,,,,,
pay_ae6bb153765141d7,cust_6f29981eaa6c4c8b,19999,INR,netbanking,failed,2026-08-17T18:42:24.788527,2026-08-17T18:42:47.788527,0,BAD_REQUEST_ERROR,bank,true,card_declined,RETRY
pay_f87b9a403b89467f,cust_220d7011457a486b,1499,INR,netbanking,captured,2026-08-28T14:59:01.788527,,0,,,,,
pay_18ba258c1a6d4a2d,cust_128887ede58a42fd,4999,INR,wallet,failed,2026-08-24T19:27:29.788527,2026-08-24T19:28:13.788527,2,BAD_REQUEST_ERROR,customer,true,expired_card,PAYMENT_UPDATE
pay_532f0856d3874452,cust_9869eceec96f4583,499,INR,card,captured,2026-08-17T02:56:25.788527,,0,,,,,
pay_d302202a6faa4ffa,cust_87be90a2f9f24991,499,INR,card,captured,2026-08-16T13:32:24.788527,,0,,,,,
pay_075959a0e41044fa,cust_f422dc20ecea46f0,2499,INR,card,failed,2026-08-24T04:21:47.788527,2026-08-24T04:22:22.788527,1,BAD_REQUEST_ERROR,bank,true,insufficient_funds,RETRY
pay_1d573aad11fe43eb,cust_796de13166be4243,2499,INR,upi,captured,2026-09-01T11:41:47.788527,,0,,,,,
pay_aaa277cd19254fa2,cust_2d27e3977a0a4974,499,INR,card,failed,2026-08-30T14:54:22.788527,2026-08-30T14:55:09.788527,0,BAD_REQUEST_ERROR,bank,true,card_declined,RETRY
pay_15401edc50434540,cust_2673cf5c72eb4eea,1499,INR,wallet,failed,2026-08-24T17:39:45.788527,2026-08-24T17:40:44.788527,2,BAD_REQUEST_ERROR,bank,true,insufficient_funds,RETRY
pay_a928aaa4194c42c0,cust_751ead4ee8e6424d,999,INR,netbanking,captured,2026-07-27T23:23:50.788527,,0,,,,,
pay_444a854b433a42ce,cust_c2f38919bf264097,999,INR,card,failed,2026-07-20T16:38:08.788527,2026-07-20T16:38:34.788527,2,BAD_REQUEST_ERROR,bank,true,insufficient_funds,RETRY
pay_07e92906a1774620,cust_996d47dc3a1a4c1a,499,INR,card,failed,2026-09-01T07:41:29.788527,2026-09-01T07:42:28.788527,1,SERVER_ERROR,business,true,network_error,RETRY
pay_af36f5969c8244bb,cust_8ab27c13c1794b4a,2499,INR,card,captured,2026-08-30T16:26:40.788527,,0,,,,,
pay_398cb82f003e4fd6,cust_0decee9389ad40e6,4999,INR,wallet,captured,2026-08-22T06:07:24.788527,,0,,,,,
pay_3be1403fb6c5441f,cust_5c7d96fbf609402b,1499,INR,netbanking,captured,2026-08-11T00:03:19.788527,,0,,,,,
pay_12865bf9802f4289,cust_af5996552ee245bc,499,INR,wallet,captured,2026-08-16T17:24:08.788527,,0,,,,,
pay_7dce3a2386534be4,cust_3e86430a38564acc,2499,INR,netbanking,captured,2026-08-03T20:37:06.788527,,0,,,,,
pay_9c1239f8e4984238,cust_af5996552ee245bc,999,INR,wallet,captured,2026-08-29T16:30:30.788527,,0,,,,,
pay_226ebd7c6e224e7f,cust_0decee9389ad40e6,9999,INR,wallet,failed,2026-08-13T01:59:13.788527,2026-08-13T01:59:44.788527,0,BAD_REQUEST_ERROR,bank,false,account_closed,ESCALATE
pay_cd948c8653494e48,cust_d858520b91764b98,4999,INR,card,failed,2026-08-20T05:35:54.788527,2026-08-20T05:36:49.788527,1,BAD_REQUEST_ERROR,bank,true,card_declined,RETRY
pay_a6bd29c1a33440d0,cust_2e9148932561447e,1499,INR,card,captured,2026-08-22T22:04:38.788527,,0,,,,,
pay_663bf85dc6fd4476,cust_ea712f4dcfe94f6a,499,INR,netbanking,captured,2026-08-18T18:31:47.788527,,0,,,,,
pay_7dcfc3c89dcd46cd,cust_783cfaccb48b428f,2499,INR,wallet,failed,2026-08-11T18:27:43.788527,2026-08-11T18:28:39.788527,2,BAD_REQUEST_ERROR,customer,true,invalid_payment_method,PAYMENT_UPDATE
pay_325e680bcd594dfe,cust_0decee9389ad40e6,4999,INR,wallet,captured,2026-08-19T16:08:25.788527,,0,,,,,
pay_ceb0ddc45a854ad8,cust_2673cf5c72eb4eea,2499,INR,wallet,failed,2026-08-20T09:05:45.788527,2026-08-20T09:06:40.788527,1,BAD_REQUEST_ERROR,customer,false,customer_dispute,ESCALATE
pay_69956044a025409b,cust_9869eceec96f4583,1499,INR,card,captured,2026-08-19T07:23:51.788527,,0,,,,,
pay_e5e30e469fcc4c28,cust_3e86430a38564acc,2499,INR,netbanking,captured,2026-09-01T00:33:12.788527,,0,,,,,
pay_216c02ae35964432,cust_2673cf5c72eb4eea,999,INR,wallet,captured,2026-07-28T06:45:30.788527,,0,,,,,
pay_c323adffee374faf,cust_44f813952f2d440d,999,INR,wallet,failed,2026-08-17T06:02:24.788527,2026-08-17T06:03:24.788527,2,BAD_REQUEST_ERROR,bank,true,insufficient_funds,RETRY
pay_4333676ab08b44c4,cust_4d5b67526ea94113,4999,INR,wallet,captured,2026-08-16T00:34:40.788527,,0,,,,,
pay_b8468b19aa1a4c21,cust_ca5aab22db5343d9,999,INR,card,failed,2026-08-10T18:51:44.788527,2026-08-10T18:52:38.788527,0,BAD_REQUEST_ERROR,customer,true,expired_card,PAYMENT_UPDATE
pay_0b9dc48d5d1f4bd9,cust_1fd68ddf9da241bb,499,INR,card,captured,2026-08-20T12:31:47.788527,,0,,,,,
pay_3ac8a89e3fd74fcb,cust_2e9148932561447e,2499,INR,card,failed,2026-08-25T23:35:01.788527,2026-08-25T23:35:26.788527,1,BAD_REQUEST_ERROR,bank,true,card_declined,RETRY
pay_430a97c628674659,cust_19c91de04f09402a,2499,INR,upi,captured,2026-08-14T20:12:02.788527,,0,,,,,
pay_47529f1fe8e34380,cust_f75d32bf52ec4cf5,2499,INR,wallet,captured,2026-08-23T09:35:39.788527,,0,,,,,
pay_fc8171ecca944739,cust_ea576ff1540448d8,1499,INR,upi,failed,2026-08-27T16:31:06.788527,2026-08-27T16:31:46.788527,2,GATEWAY_ERROR,bank,true,bank_timeout,RETRY
pay_eaf83867f85d4964,cust_0e03bed9d89645d0,1499,INR,netbanking,failed,2026-07-27T01:40:07.788527,2026-07-27T01:40:27.788527,2,BAD_REQUEST_ERROR,bank,true,card_declined,RETRY
pay_22c2a1629f804a52,cust_2d27e3977a0a4974,999,INR,card,captured,2026-08-12T08:23:07.788527,,0,,,,,
pay_d8ba1817775c4fd4,cust_bada2daed92440e9,2499,INR,netbanking,captured,2026-07-22T21:40:55.788527,,0,,,,,
pay_9d4951a86b3346fe,cust_fb7a8984133545b5,999,INR,netbanking,failed,2026-08-04T21:56:36.788527,2026-08-04T21:56:52.788527,2,BAD_REQUEST_ERROR,customer,true,invalid_payment_method,PAYMENT_UPDATE
pay_f2175565ce9748ea,cust_d276bb31e5994b2d,4999,INR,upi,failed,2026-08-26T06:23:03.788527,2026-08-26T06:23:31.788527,1,GATEWAY_ERROR,bank,true,bank_timeout,RETRY
pay_5ed070c5beda4f78,cust_6537b2a991364bd3,2499,INR,wallet,captured,2026-08-02T01:18:27.788527,,0,,,,,
pay_8d82750fc6f64aca,cust_87be90a2f9f24991,999,INR,card,captured,2026-08-06T16:03:37.788527,,0,,,,,
pay_f984d42262fb4fce,cust_ecf7873a02614df3,499,INR,card,captured,2026-08-27T08:49:05.788527,,0,,,,,
pay_994d402f22bb4fac,cust_0dff22823a3f4259,999,INR,card,captured,2026-07-20T23:59:49.788527,,0,,,,,
pay_cee9033901f24688,cust_2416493153d543d9,19999,INR,netbanking,captured,2026-08-21T16:28:20.788527,,0,,,,,
pay_e99983e1c91845cb,cust_3fc0d32b4b1547f3,9999,INR,upi,captured,2026-07-23T07:19:15.788527,,0,,,,,
pay_511b7055ae864cb6,cust_33f6d655132e42eb,4999,INR,netbanking,captured,2026-08-23T17:41:59.788527,,0,,,,,
pay_5d4e9134165444cc,cust_41d0947faf7543d9,19999,INR,netbanking,captured,2026-08-03T04:16:04.788527,,0,,,,,
pay_7fb00a49bd7f4953,cust_e36f4ff2aaeb4ed2,2499,INR,upi,failed,2026-08-07T07:10:06.788527,2026-08-07T07:10:40.788527,1,BAD_REQUEST_ERROR,bank,false,account_closed,ESCALATE
pay_866dca4752c941e9,cust_128887ede58a42fd,9999,INR,wallet,captured,2026-07-15T13:48:22.788527,,0,,,,,
pay_9d367fdc177446b5,cust_9e01e9cf05b74b45,499,INR,upi,captured,2026-08-30T21:48:43.788527,,0,,,,,
pay_7526f891539a4d25,cust_17d5cf7732f74583,19999,INR,card,captured,2026-08-18T01:00:17.788527,,0,,,,,
pay_84b53e24809d470f,cust_6537b2a991364bd3,999,INR,wallet,captured,2026-08-18T13:07:54.788527,,0,,,,,
pay_64726596190c40fc,cust_9439d2d3c2d04c83,999,INR,netbanking,failed,2026-08-08T23:36:43.788527,2026-08-08T23:37:05.788527,1,GATEWAY_ERROR,bank,true,bank_timeout,RETRY
pay_b4caa193053640c1,cust_2673cf5c72eb4eea,2499,INR,wallet,captured,2026-08-13T13:12:08.788527,,0,,,,,
pay_8b14f0240f244580,cust_949fec18d86e47cf,999,INR,netbanking,failed,2026-07-11T06:09:40.788527,2026-07-11T06:10:39.788527,2,BAD_REQUEST_ERROR,bank,true,insufficient_funds,RETRY
pay_a3c2dfad6f5c499d,cust_783cfaccb48b428f,499,INR,wallet,captured,2026-08-20T10:40:30.788527,,0,,,,,
pay_edca0dca7c5f4685,cust_bab775145d814dbb,2499,INR,netbanking,captured,2026-08-24T09:29:40.788527,,0,,,,,
pay_555565bf3e9344c0,cust_f2eca39219844f23,1499,INR,card,captured,2026-08-28T15:48:06.788527,,0,,,,,
pay_61039639dc394cf2,cust_d06f46d540b54ac3,9999,INR,upi,failed,2026-09-01T02:06:09.788527,2026-09-01T02:06:57.788527,0,BAD_REQUEST_ERROR,bank,false,account_closed,ESCALATE
pay_83862f2a8e1e4bd8,cust_441b3f6e01e34c1a,1499,INR,card,failed,2026-08-15T18:56:35.788527,2026-08-15T18:57:05.788527,1,SERVER_ERROR,business,true,network_error,RETRY
pay_82c0c3ca38184c91,cust_1a840cb83d274b59,2499,INR,netbanking,failed,2026-08-31T18:54:34.788527,2026-08-31T18:55:12.788527,0,BAD_REQUEST_ERROR,bank,true,card_declined,RETRY
pay_ae67ddaf20084617,cust_97afc4425b8845d4,1499,INR,upi,captured,2026-08-27T21:43:45.788527,,0,,,,,
pay_cf612e6e367d4e01,cust_0ce77c4e65be4bae,9999,INR,wallet,captured,2026-08-20T13:14:53.788527,,0,,,,,
pay_5414b68351f7495d,cust_9d2630da49044414,2499,INR,upi,failed,2026-08-28T01:43:27.788527,2026-08-28T01:43:41.788527,2,BAD_REQUEST_ERROR,bank,true,insufficient_funds,RETRY
pay_4d8d94e1d4674ba3,cust_7b5f31478d904437,2499,INR,netbanking,captured,2026-08-24T12:23:22.788527,,0,,,,,
pay_b2849c62a31843a1,cust_996d47dc3a1a4c1a,2499,INR,card,captured,2026-08-31T08:03:14.788527,,0,,,,,
pay_7162304e43bd4a95,cust_220d7011457a486b,999,INR,netbanking,captured,2026-08-26T10:57:10.788527,,0,,,,,
pay_6ee86929bf5849b1,cust_36de0ceebe7141ae,999,INR,card,captured,2026-07-29T15:10:24.788527,,0,,,,,
pay_7dda69f9778e47c5,cust_887b0a10a8fa47c6,2499,INR,card,captured,2026-09-01T19:29:21.788527,,0,,,,,
pay_25cf746e51a047e4,cust_23b5d1b750d64aeb,2499,INR,upi,failed,2026-08-26T05:18:50.788527,2026-08-26T05:19:39.788527,1,BAD_REQUEST_ERROR,bank,true,card_declined,RETRY
pay_37c2e21bcd8641af,cust_2de6ccca9a154c19,2499,INR,upi,failed,2026-07-19T08:21:52.788527,2026-07-19T08:22:47.788527,0,BAD_REQUEST_ERROR,bank,true,card_declined,RETRY
pay_aa3de0ea4541445a,cust_6867fb43c0e649fc,499,INR,upi,captured,2026-08-30T00:44:10.788527,,0,,,,,
pay_dc662cd337d349a5,cust_ea0115a30b1748f1,1499,INR,upi,captured,2026-08-14T02:51:03.788527,,0,,,,,
pay_be42b77e99ca4661,cust_ea576ff1540448d8,2499,INR,upi,failed,2026-07-27T19:12:54.788527,2026-07-27T19:13:39.788527,1,GATEWAY_ERROR,gateway,true,gateway_failure,RETRY
pay_e3de3f80be6747fb,cust_00180c8cc6e741c5,499,INR,wallet,failed,2026-08-09T10:19:52.788527,2026-08-09T10:20:27.788527,2,BAD_REQUEST_ERROR,bank,false,account_closed,ESCALATE
pay_fb59674e83c348f6,cust_952f30d066ab43cf,2499,INR,wallet,captured,2026-08-30T02:50:50.788527,,0,,,,,
pay_7be450b062304921,cust_6867fb43c0e649fc,2499,INR,upi,captured,2026-08-26T17:08:36.788527,,0,,,,,
pay_96a2933c845a4648,cust_2d0bc3dc82554e21,999,INR,netbanking,captured,2026-08-31T01:52:38.788527,,0,,,,,
pay_0482a7038ef94ff5,cust_f75d32bf52ec4cf5,499,INR,wallet,captured,2026-09-01T16:51:18.788527,,0,,,,,
pay_959dc45abbd4469e,cust_387fbf70c22f42ab,999,INR,card,captured,2026-07-28T18:58:24.788527,,0,,,,,
pay_c407d96f61214f34,cust_4a3f1bbdb33544c6,499,INR,netbanking,failed,2026-08-11T21:22:19.788527,2026-08-11T21:23:09.788527,1,BAD_REQUEST_ERROR,bank,false,suspected_fraud,ESCALATE
pay_293a928acfd2494a,cust_2d0bc3dc82554e21,499,INR,netbanking,captured,2026-08-19T00:22:42.788527,,0,,,,,
pay_9df152d7a5d14184,cust_3d23e97218914b18,999,INR,netbanking,captured,2026-08-26T23:10:11.788527,,0,,,,,
pay_9ad113d17b1e4b87,cust_79c2a6caef3444a2,499,INR,upi,failed,2026-08-31T13:45:30.788527,2026-08-31T13:46:21.788527,1,BAD_REQUEST_ERROR,customer,true,expired_card,PAYMENT_UPDATE
pay_f50c0979de9849e9,cust_36de0ceebe7141ae,2499,INR,card,captured,2026-07-26T08:05:09.788527,,0,,,,,
pay_57ad37dd118b4b73,cust_cc243c590f6e44bc,1499,INR,card,captured,2026-08-30T03:20:55.788527,,0,,,,,
pay_180cc9952da24773,cust_826f3e6850d743de,1499,INR,upi,captured,2026-08-18T22:09:15.788527,,0,,,,,
pay_32961a1a053748bd,cust_8426b2a6834e4e3b,2499,INR,wallet,captured,2026-08-23T13:03:32.788527,,0,,,,,
pay_3a581667f5f247d2,cust_9d2630da49044414,1499,INR,upi,captured,2026-08-13T18:02:08.788527,,0,,,,,
pay_e95859ebc4da4784,cust_3436a29073f646a0,499,INR,card,captured,2026-08-20T16:29:39.788527,,0,,,,,
pay_5269a428a4454125,cust_4c6ee929a92f4cff,999,INR,card,failed,2026-08-17T09:33:53.788527,2026-08-17T09:34:06.788527,1,BAD_REQUEST_ERROR,bank,true,card_declined,RETRY
pay_12b1c23fccb7451e,cust_8562825a26ac4ed1,4999,INR,netbanking,captured,2026-08-06T00:20:36.788527,,0,,,,,
pay_29487a21bae84f58,cust_220d7011457a486b,2499,INR,netbanking,captured,2026-08-27T10:58:12.788527,,0,,,,,
pay_beb623751f434365,cust_0f09569fbcea48de,499,INR,netbanking,failed,2026-08-21T11:26:33.788527,2026-08-21T11:27:08.788527,0,GATEWAY_ERROR,gateway,true,gateway_failure,RETRY
pay_6820acedf39940f7,cust_97afc4425b8845d4,499,INR,upi,failed,2026-08-09T03:40:40.788527,2026-08-09T03:41:28.788527,2,GATEWAY_ERROR,bank,true,bank_timeout,RETRY
pay_2894b4c578d64d8e,cust_d8b4a5646e3e44f3,1499,INR,wallet,captured,2026-08-17T14:23:10.788527,,0,,,,,
pay_46be5b8a99c94d4c,cust_2de6ccca9a154c19,1499,INR,upi,captured,2026-08-06T20:04:38.788527,,0,,,,,
pay_b3a6e555715b4c1a,cust_dfa0ee62fdc14137,999,INR,wallet,captured,2026-08-04T00:45:11.788527,,0,,,,,
pay_b171a50e5b1349c9,cust_36a8af9bcfc0495b,2499,INR,upi,captured,2026-08-27T10:03:41.788527,,0,,,,,
pay_a931140691174a7e,cust_d58a9c3e580e4c22,999,INR,upi,captured,2026-07-21T05:25:13.788527,,0,,,,,
pay_f171c3ba302547d5,cust_e3452a1e8a8b45e6,9999,INR,netbanking,captured,2026-08-17T02:42:24.788527,,0,,,,,
pay_2d403e6111724cf0,cust_8da17a1e673b4190,499,INR,card,failed,2026-08-20T20:10:56.788527,2026-08-20T20:11:14.788527,1,BAD_REQUEST_ERROR,customer,true,expired_card,PAYMENT_UPDATE
pay_83d4e4e41e9c428c,cust_4a3f1bbdb33544c6,999,INR,netbanking,captured,2026-08-20T06:51:43.788527,,0,,,,,
pay_0be66418d4c54851,cust_648d41a9227e4e6f,999,INR,card,captured,2026-08-23T01:05:38.788527,,0,,,,,
pay_398f65d3e64d4169,cust_e3452a1e8a8b45e6,19999,INR,netbanking,captured,2026-08-14T15:51:01.788527,,0,,,,,
pay_b7ca5622749a45c0,cust_87be90a2f9f24991,1499,INR,card,captured,2026-08-12T03:03:19.788527,,0,,,,,
pay_ada6cdeccab943a1,cust_0f09569fbcea48de,2499,INR,netbanking,failed,2026-07-06T18:34:41.788527,2026-07-06T18:35:32.788527,2,BAD_REQUEST_ERROR,customer,true,expired_card,PAYMENT_UPDATE
pay_26c7f667c57a4ccd,cust_a57d798bed6a4db9,499,INR,netbanking,captured,2026-08-23T00:02:51.788527,,0,,,,,
pay_68f38f05a8f44377,cust_9a8b95596e58437d,2499,INR,upi,failed,2026-08-26T13:13:00.788527,2026-08-26T13:13:53.788527,2,BAD_REQUEST_ERROR,bank,true,insufficient_funds,RETRY
pay_bc2c9dbe43664d57,cust_43efba693da04c56,999,INR,upi,failed,2026-07-21T10:09:35.788527,2026-07-21T10:10:05.788527,1,BAD_REQUEST_ERROR,bank,true,card_declined,RETRY
pay_dfb34e2bddae4507,cust_8f6fbc99d10a4e7a,2499,INR,wallet,captured,2026-08-30T04:03:20.788527,,0,,,,,
pay_8883fef1da524974,cust_4a3f1bbdb33544c6,1499,INR,netbanking,captured,2026-08-08T04:00:09.788527,,0,,,,,
pay_57993493109049e6,cust_ca5aab22db5343d9,999,INR,card,captured,2026-08-18T12:41:35.788527,,0,,,,,
pay_a530965c2c1d4cc3,cust_441b3f6e01e34c1a,1499,INR,card,captured,2026-08-17T06:11:56.788527,,0,,,,,
pay_fdca3c04b5504d96,cust_ad67e7949c084dfd,1499,INR,netbanking,failed,2026-08-27T14:30:38.788527,2026-08-27T14:31:07.788527,2,BAD_REQUEST_ERROR,customer,true,expired_card,PAYMENT_UPDATE
pay_9ecd857ec76a48ae,cust_e9380b4930274338,9999,INR,upi,captured,2026-08-29T09:00:05.788527,,0,,,,,
pay_fab8bd585d484990,cust_0425780fa78643aa,19999,INR,card,captured,2026-07-25T17:35:06.788527,,0,,,,,
pay_5f4a6c5425cc4f48,cust_5bccd3431704437c,1499,INR,wallet,failed,2026-08-05T20:34:59.788527,2026-08-05T20:35:54.788527,1,BAD_REQUEST_ERROR,bank,true,insufficient_funds,RETRY
pay_b570c1748aba46ff,cust_8d46cc1c22de4cd6,2499,INR,wallet,failed,2026-07-29T22:21:42.788527,2026-07-29T22:22:26.788527,2,BAD_REQUEST_ERROR,bank,true,card_declined,RETRY
pay_cab115da01974da6,cust_ea576ff1540448d8,999,INR,upi,failed,2026-07-21T14:39:20.788527,2026-07-21T14:40:12.788527,0,GATEWAY_ERROR,bank,true,bank_timeout,RETRY
pay_d55d5b7bf3eb4fc9,cust_b4d4044fa3c74933,4999,INR,netbanking,failed,2026-08-05T05:00:54.788527,2026-08-05T05:01:25.788527,0,BAD_REQUEST_ERROR,customer,true,expired_card,PAYMENT_UPDATE
pay_0064908eb3814518,cust_d58a9c3e580e4c22,499,INR,upi,captured,2026-07-23T00:53:31.788527,,0,,,,,
pay_72274810c7db4991,cust_8d46cc1c22de4cd6,2499,INR,wallet,captured,2026-08-20T05:15:52.788527,,0,,,,,
pay_080b9f5393d84f97,cust_0425780fa78643aa,4999,INR,card,captured,2026-07-19T15:27:23.788527,,0,,,,,
pay_806f9866a57843ca,cust_4d5b67526ea94113,4999,INR,wallet,captured,2026-08-25T13:37:02.788527,,0,,,,,
pay_082d1582d7f84e58,cust_51e06e8e8ca8476a,2499,INR,upi,captured,2026-07-29T04:47:14.788527,,0,,,,,
pay_3d4f30c6d380451e,cust_9439d2d3c2d04c83,1499,INR,netbanking,captured,2026-07-12T09:26:07.788527,,0,,,,,
pay_04b039e3cbc44c88,cust_c9edfc47f4094f36,2499,INR,netbanking,captured,2026-08-29T17:05:01.788527,,0,,,,,
pay_fc60fb02231946de,cust_6cb7c45b578e4994,999,INR,netbanking,captured,2026-08-06T20:31:46.788527,,0,,,,,
pay_0fe7ad1fc9564b71,cust_9e01e9cf05b74b45,1499,INR,upi,captured,2026-08-21T06:54:14.788527,,0,,,,,
pay_8af9cb520b71465c,cust_163f2a427d0948cc,999,INR,netbanking,failed,2026-08-20T20:32:22.788527,2026-08-20T20:33:12.788527,1,GATEWAY_ERROR,bank,true,bank_timeout,RETRY
pay_56b3a3ad079b4728,cust_9d0a1ba460b44a76,499,INR,card,captured,2026-08-22T09:59:42.788527,,0,,,,,
pay_67c0f51282e7417d,cust_ea576ff1540448d8,1499,INR,upi,captured,2026-08-08T11:40:18.788527,,0,,,,,
pay_1941f292a0ef412d,cust_36a8af9bcfc0495b,2499,INR,upi,captured,2026-08-20T21:30:44.788527,,0,,,,,
pay_31373d46da804377,cust_dedb88e4246f450a,4999,INR,card,failed,2026-08-31T22:41:53.788527,2026-08-31T22:42:26.788527,0,SERVER_ERROR,business,true,network_error,RETRY
pay_57b1afb672714ed4,cust_fa04fc20c4304c6f,2499,INR,netbanking,captured,2026-07-20T12:37:32.788527,,0,,,,,
pay_c6f3de49996e4dca,cust_f123cf018da540ce,1499,INR,upi,captured,2026-09-01T19:20:03.788527,,0,,,,,
pay_3566ea0f76a54cec,cust_7d43bc042e884b31,999,INR,upi,captured,2026-08-03T07:40:11.788527,,0,,,,,
pay_a0fe31815a6c4467,cust_8df3ca8d8b7f4a77,2499,INR,wallet,captured,2026-08-30T13:41:03.788527,,0,,,,,
pay_16d50f1b46f44610,cust_fa04fc20c4304c6f,999,INR,netbanking,captured,2026-07-30T06:04:40.788527,,0,,,,,
pay_c50b4a0865be48c8,cust_1a840cb83d274b59,1499,INR,netbanking,failed,2026-08-29T23:32:24.788527,2026-08-29T23:33:10.788527,2,BAD_REQUEST_ERROR,bank,true,insufficient_funds,RETRY
pay_960010faaa884c0e,cust_d858520b91764b98,19999,INR,card,captured,2026-07-29T16:20:07.788527,,0,,,,,
pay_6e9c1dbcc7014f92,cust_ea3eede4f0be4e60,499,INR,wallet,captured,2026-08-27T01:26:18.788527,,0,,,,,
pay_ac561f1062cf4f82,cust_8da17a1e673b4190,499,INR,card,captured,2026-08-21T21:52:11.788527,,0,,,,,
pay_b8a9d77b27884421,cust_8df3ca8d8b7f4a77,2499,INR,wallet,captured,2026-08-26T17:40:30.788527,,0,,,,,
pay_e27dd1db38724b7a,cust_d29ae75ab38a4062,499,INR,wallet,captured,2026-08-25T04:01:14.788527,,0,,,,,
pay_e8e8807427774dee,cust_d601a43a51a642cf,19999,INR,card,failed,2026-08-11T09:04:46.788527,2026-08-11T09:04:59.788527,0,BAD_REQUEST_ERROR,customer,false,customer_dispute,ESCALATE
pay_af7873caaa4d4367,cust_3b31c5d6b965456f,9999,INR,upi,captured,2026-08-05T10:10:29.788527,,0,,,,,
pay_cc6471d243a04cac,cust_7d96b4632bf64dee,2499,INR,netbanking,captured,2026-08-17T04:25:34.788527,,0,,,,,
pay_2acadbe651b24faa,cust_fb7a8984133545b5,999,INR,netbanking,captured,2026-08-19T20:34:37.788527,,0,,,,,
pay_e7d7671868c4427e,cust_51e06e8e8ca8476a,2499,INR,upi,captured,2026-08-22T12:23:59.788527,,0,,,,,
pay_3a0bfffb6c944771,cust_8ab27c13c1794b4a,1499,INR,card,captured,2026-08-17T13:17:21.788527,,0,,,,,
pay_a7e224b181af4e7c,cust_82559b82a8b240bb,4999,INR,card,failed,2026-08-12T16:18:25.788527,2026-08-12T16:18:57.788527,0,BAD_REQUEST_ERROR,bank,true,insufficient_funds,RETRY
pay_6266551cc8c84314,cust_54036b6ee90a4f2f,4999,INR,netbanking,captured,2026-07-18T16:03:11.788527,,0,,,,,
pay_6ad11e5263634f3d,cust_ca45983cfc524d10,499,INR,upi,failed,2026-09-01T14:29:45.788527,2026-09-01T14:29:59.788527,0,BAD_REQUEST_ERROR,bank,true,insufficient_funds,RETRY
pay_30ad524159af479e,cust_1a840cb83d274b59,499,INR,netbanking,failed,2026-08-31T16:05:30.788527,2026-08-31T16:05:42.788527,0,BAD_REQUEST_ERROR,bank,true,card_declined,RETRY
pay_46297cf065b84700,cust_8ab27c13c1794b4a,999,INR,card,captured,2026-08-18T08:55:33.788527,,0,,,,,
pay_92b0414f05794258,cust_9e01e9cf05b74b45,1499,INR,upi,captured,2026-08-26T23:26:49.788527,,0,,,,,
pay_e807da844a46481a,cust_387fbf70c22f42ab,999,INR,card,captured,2026-07-26T17:06:56.788527,,0,,,,,
pay_6367e0ae66cb4162,cust_83f6a4d4c15d4ed1,19999,INR,upi,captured,2026-08-25T17:09:59.788527,,0,,,,,
pay_e4ee95d2c4484ee7,cust_31d470848d504be8,1499,INR,upi,captured,2026-08-14T15:55:34.788527,,0,,,,,
pay_cb9a31a8e54f411c,cust_6867fb43c0e649fc,2499,INR,upi,failed,2026-08-30T20:48:17.788527,2026-08-30T20:48:51.788527,2,BAD_REQUEST_ERROR,bank,true,insufficient_funds,RETRY
pay_f9233c66c5eb4360,cust_63bfcdbc81f34a89,999,INR,upi,captured,2026-08-06T23:51:00.788527,,0,,,,,
pay_e16271c75705499f,cust_4fcee444813e4f00,2499,INR,upi,captured,2026-08-19T20:12:42.788527,,0,,,,,
pay_cc2d2f8928ba4487,cust_826f3e6850d743de,999,INR,upi,captured,2026-08-04T06:04:22.788527,,0,,,,,
pay_9a07f698f9fd4e7d,cust_e49624db3c2b49ca,999,INR,upi,failed,2026-07-15T11:59:40.788527,2026-07-15T12:00:14.788527,2,SERVER_ERROR,business,true,network_error,RETRY
pay_5b454af929df4f3f,cust_79c2a6caef3444a2,999,INR,upi,captured,2026-07-26T01:05:18.788527,,0,,,,,
pay_1a5545c2c16a4c2c,cust_952f30d066ab43cf,1499,INR,wallet,captured,2026-07-30T08:38:04.788527,,0,,,,,
pay_04b6bca4bcb547fc,cust_d3dc77e430ac4d03,2499,INR,card,captured,2026-07-21T02:49:40.788527,,0,,,,,
pay_b240602d2fea462b,cust_3fc0d32b4b1547f3,9999,INR,upi,captured,2026-08-31T23:12:02.788527,,0,,,,,
pay_cccca55552a14527,cust_82559b82a8b240bb,9999,INR,card,failed,2026-08-10T17:39:51.788527,2026-08-10T17:40:33.788527,1,GATEWAY_ERROR,bank,true,bank_timeout,RETRY
pay_3b6540ea2ca64754,cust_bd55c64489c24550,1499,INR,card,captured,2026-08-29T21:53:54.788527,,0,,,,,
pay_cdbb30a15a064125,cust_8f6fbc99d10a4e7a,999,INR,wallet,captured,2026-08-19T02:21:21.788527,,0,,,,,
pay_ca5615c8dcf84577,cust_00180c8cc6e741c5,2499,INR,wallet,failed,2026-08-31T11:35:00.788527,2026-08-31T11:35:22.788527,1,BAD_REQUEST_ERROR,bank,true,card_declined,RETRY
pay_dc7e2abada7f4616,cust_826f3e6850d743de,1499,INR,upi,failed,2026-08-27T23:20:48.788527,2026-08-27T23:21:29.788527,2,BAD_REQUEST_ERROR,bank,false,suspected_fraud,ESCALATE
pay_7be7ed336153409b,cust_4d5b67526ea94113,9999,INR,wallet,failed,2026-08-14T06:42:34.788527,2026-08-14T06:43:34.788527,0,BAD_REQUEST_ERROR,bank,true,card_declined,RETRY
pay_6f6d90598a93429f,cust_6b6dc9d70ad64495,499,INR,wallet,captured,2026-08-23T14:52:58.788527,,0,,,,,
pay_d8cc1925c7fb4b9f,cust_220d7011457a486b,2499,INR,netbanking,failed,2026-08-25T14:25:03.788527,2026-08-25T14:25:53.788527,2,BAD_REQUEST_ERROR,bank,true,insufficient_funds,RETRY
pay_dc7c4066706942ea,cust_0decee9389ad40e6,4999,INR,wallet,captured,2026-08-11T19:16:06.788527,,0,,,,,
pay_e74330371eed456e,cust_9e74577acef04bea,2499,INR,netbanking,captured,2026-09-01T12:01:57.788527,,0,,,,,
pay_b168fc109e204a0a,cust_82559b82a8b240bb,9999,INR,card,failed,2026-08-29T09:57:05.788527,2026-08-29T09:57:48.788527,2,BAD_REQUEST_ERROR,customer,true,expired_card,PAYMENT_UPDATE
pay_c245962453a042bc,cust_0425780fa78643aa,19999,INR,card,captured,2026-07-15T13:32:34.788527,,0,,,,,
pay_6efad8e001884ac9,cust_fb4e9a92aeb542ff,999,INR,wallet,failed,2026-08-10T13:06:13.788527,2026-08-10T13:07:02.788527,1,GATEWAY_ERROR,gateway,true,gateway_failure,RETRY
pay_218f441d228d40db,cust_d29ae75ab38a4062,1499,INR,wallet,captured,2026-08-23T00:55:14.788527,,0,,,,,
pay_abbc8a4220d0411a,cust_826f3e6850d743de,1499,INR,upi,captured,2026-08-01T10:10:31.788527,,0,,,,,
pay_e50ab38cb1fa408d,cust_e8aee4faf3904724,2499,INR,wallet,captured,2026-08-22T20:05:29.788527,,0,,,,,
pay_9c6813a3b3cd4f03,cust_b4d4044fa3c74933,19999,INR,netbanking,failed,2026-07-14T12:29:13.788527,2026-07-14T12:29:54.788527,2,BAD_REQUEST_ERROR,customer,true,invalid_payment_method,PAYMENT_UPDATE
pay_a71d763d7753499b,cust_783cfaccb48b428f,499,INR,wallet,failed,2026-08-11T19:27:33.788527,2026-08-11T19:28:27.788527,1,GATEWAY_ERROR,bank,true,bank_timeout,RETRY
pay_770b03260ec249b6,cust_bb9a6cfd20b4420e,499,INR,upi,captured,2026-07-15T11:25:51.788527,,0,,,,,
pay_be6b558d4d644bf8,cust_1a287bda79bd4b5b,499,INR,wallet,failed,2026-08-31T18:47:10.788527,2026-08-31T18:47:40.788527,0,BAD_REQUEST_ERROR,bank,true,insufficient_funds,RETRY
pay_398cde0fd98340b2,cust_68b0cd2a60874b50,19999,INR,wallet,captured,2026-08-06T22:10:08.788527,,0,,,,,
pay_114dbe97ae394e5e,cust_bdae09b0e0e448b0,999,INR,upi,captured,2026-08-28T07:05:51.788527,,0,,,,,
pay_f574f4d1876f4ac1,cust_783cfaccb48b428f,999,INR,wallet,captured,2026-08-25T19:34:04.788527,,0,,,,,
pay_f3ea495e22714a25,cust_bab775145d814dbb,499,INR,netbanking,failed,2026-08-15T06:44:41.788527,2026-08-15T06:45:05.788527,1,BAD_REQUEST_ERROR,customer,true,invalid_payment_method,PAYMENT_UPDATE
pay_93cafe8a7e8048c2,cust_d6c7a14f6f31444f,2499,INR,card,captured,2026-08-31T11:18:19.788527,,0,,,,,
pay_d0ae0f61f98d4a03,cust_751ead4ee8e6424d,2499,INR,netbanking,captured,2026-08-04T16:59:44.788527,,0,,,,,
pay_4306a3889f7b46a1,cust_ca5aab22db5343d9,999,INR,card,captured,2026-08-24T06:17:03.788527,,0,,,,,
pay_d0abbd35f3c744e4,cust_e0e0dd5c13ed4e86,1499,INR,wallet,captured,2026-08-28T19:14:59.788527,,0,,,,,
pay_2c277197a57e4a67,cust_4c6ee929a92f4cff,2499,INR,card,captured,2026-07-19T17:17:28.788527,,0,,,,,
pay_9ecff38c0d6b4d3e,cust_6867fb43c0e649fc,499,INR,upi,failed,2026-08-30T04:36:10.788527,2026-08-30T04:36:39.788527,1,BAD_REQUEST_ERROR,bank,true,card_declined,RETRY
pay_b3ce7c691522425e,cust_cf371e95411c46aa,2499,INR,card,captured,2026-07-26T08:53:14.788527,,0,,,,,
pay_fb9693cba83c41b2,cust_ea712f4dcfe94f6a,499,INR,netbanking,failed,2026-08-07T08:38:54.788527,2026-08-07T08:39:39.788527,2,BAD_REQUEST_ERROR,bank,true,insufficient_funds,RETRY
pay_e8a5e3fc6d60491c,cust_648d41a9227e4e6f,499,INR,card,failed,2026-08-26T06:48:51.788527,2026-08-26T06:49:25.788527,2,BAD_REQUEST_ERROR,customer,true,expired_card,PAYMENT_UPDATE
pay_6d3c40dac0b44210,cust_9869eceec96f4583,999,INR,card,captured,2026-08-06T07:18:07.788527,,0,,,,,
pay_bc1ef8d3cd0345e7,cust_4c6ee929a92f4cff,1499,INR,card,captured,2026-08-02T23:37:01.788527,,0,,,,,
pay_33c21727c71f49ea,cust_2d27e3977a0a4974,2499,INR,card,failed,2026-08-16T19:43:03.788527,2026-08-16T19:44:03.788527,1,BAD_REQUEST_ERROR,bank,true,insufficient_funds,RETRY
pay_7a1776b1067c45f0,cust_4889ef6ccd83460e,2499,INR,upi,captured,2026-08-29T13:02:35.788527,,0,,,,,
pay_38d0425e4f5e4d85,cust_fb4e9a92aeb542ff,1499,INR,wallet,failed,2026-08-12T10:44:48.788527,2026-08-12T10:45:23.788527,2,BAD_REQUEST_ERROR,bank,true,card_declined,RETRY
pay_c69724a056be4ed8,cust_783cfaccb48b428f,1499,INR,wallet,captured,2026-08-28T13:15:05.788527,,0,,,,,
pay_06a80f368cab438d,cust_f93c546713c44edb,999,INR,card,captured,2026-08-29T05:05:43.788527,,0,,,,,
pay_4395d2caf3af4aff,cust_6867fb43c0e649fc,2499,INR,upi,captured,2026-08-29T08:25:54.788527,,0,,,,,
pay_77f9579e49694700,cust_ca5aab22db5343d9,2499,INR,card,captured,2026-08-16T21:43:06.788527,,0,,,,,
pay_fe59e6178b1f494c,cust_441b3f6e01e34c1a,499,INR,card,captured,2026-08-13T00:37:37.788527,,0,,,,,
pay_3a5c1139cb044d4d,cust_8426b2a6834e4e3b,499,INR,wallet,captured,2026-08-11T11:26:28.788527,,0,,,,,
pay_ae9e2c63cb8a47a4,cust_ea576ff1540448d8,1499,INR,upi,failed,2026-08-16T01:17:14.788527,2026-08-16T01:18:06.788527,1,BAD_REQUEST_ERROR,bank,true,insufficient_funds,RETRY
pay_b261f4acce784b2b,cust_ca5aab22db5343d9,2499,INR,card,captured,2026-08-06T21:19:14.788527,,0,,,,,
pay_c7576e12dc65496c,cust_dfa0ee62fdc14137,2499,INR,wallet,captured,2026-08-27T11:44:00.788527,,0,,,,,
pay_0e65f490e0c54e4e,cust_4e214f61310847b8,499,INR,netbanking,failed,2026-08-21T11:28:31.788527,2026-08-21T11:28:56.788527,1,SERVER_ERROR,business,true,network_error,RETRY
pay_9273439640244807,cust_f4fa33d4c771491c,19999,INR,card,captured,2026-07-14T16:29:47.788527,,0,,,,,
pay_c8b6208b710e4274,cust_b0e11c2c6045489a,499,INR,upi,failed,2026-08-19T15:08:14.788527,2026-08-19T15:08:38.788527,2,GATEWAY_ERROR,gateway,true,gateway_failure,RETRY
pay_5691ba4fa9204490,cust_0985e6d73ae541f9,999,INR,wallet,captured,2026-08-17T15:26:11.788527,,0,,,,,
pay_2061edc907e242e0,cust_e0e0dd5c13ed4e86,999,INR,wallet,captured,2026-08-31T18:14:58.788527,,0,,,,,
pay_079d207c3b644dd2,cust_0e03bed9d89645d0,2499,INR,netbanking,captured,2026-08-12T15:33:20.788527,,0,,,,,
pay_fc7d65bfa7724191,cust_c2f38919bf264097,1499,INR,card,captured,2026-07-20T02:37:13.788527,,0,,,,,
